ID,ground_truth_text,generated_text
"国家卫生健康委员会于2023年7月28日启动了名为""启明行动""的专项活动，旨在针对特定群体的特定健康",“启明行动”是为了防控儿童青少年的近视问题，并发布了《防控儿童青少年近视核心知识十条》。,"国家卫生健康委员会启动的“启明行动”专项活动，具体针对的是儿童青少年的近视健康问题[内部文档: documents_dup_part_3_part_1#L644.txt]。该活动所依据的指导性文件名称是《防控儿童青少年近视核心知识十条》[内部文档: documents_dup_part_12_part_1#L550.txt]。

注意：用户问题中提到的“2023年7月28日”与内部文档中记载的“7月25日”不一致，但根据【冲突检测规则】，应以【内部文档】为准，因此时间信息以文档记载的7月25日为准。"
最近，陕西省西安市发放大量了体育类电子消费券，供市民使用。这些电子消费券的具体金额是多少？可以在多少,陕西西安市发放了500万元体育类电子消费券，市民可以在全市173家体育场馆使用这些消费券。,无法确定。
国家药监局在对哪5个品种的医疗器械进行产品质量监督抽检时，共发现了多少批（台）产品不符合标准规定？,国家药监局在对牙科低压电动马达、贴敷类医疗器械（远红外治疗贴、磁疗贴、穴位磁疗贴）、立式压力蒸汽灭菌器、电动吸引器和人体血液及血液成分袋式塑料容器（血袋）这5个品种进行产品质量监督抽检时，共发现了12批（台）产品不符合标准规定。,国家药监局对牙科低压电动马达、贴敷类医疗器械（远红外治疗贴、磁疗贴、穴位磁疗贴）、天然胶乳橡胶避孕套、医用外科口罩、鼻内窥镜等5个品种进行了产品质量监督抽检，共发现了12批（台）产品不符合标准规定[内部文档: documents_dup_part_13_part_2#L206.txt]。
在江苏省中医院副主任中医师徐顺娟提出的大暑养生建议中，她强调了养生的关键在于养护哪两个方面？,徐顺娟强调大暑养生的关键在于养“心阴”和护“脾气”。,在江苏省中医院副主任中医师徐顺娟提出的大暑养生建议中，她强调了养生的关键在于养护“心阴”和“脾气”。[内部文档: documents_dup_part_12_part_1#L781.txt]
国务院办公厅转发的《关于恢复和扩大消费措施》通知中提到的优化汽车购买使用管理措施包括哪些具体政策？,优化汽车购买使用管理的具体政策包括：各地区不得新增汽车限购措施，已实施限购的地区优化汽车限购措施；全面取消二手车限迁、便利二手车交易登记；鼓励以旧换新，不得对非本地生产的汽车实施歧视性政策；加大汽车消费金融支持力度；增加城市停车位供给，改善人员密集场所和景区停车条件，推进车位资源共享利用。,"国务院办公厅转发的《关于恢复和扩大消费措施》通知中提到的优化汽车购买使用管理措施包括以下具体政策：

1. 各地区不得新增汽车限购措施；  
2. 已实施限购的地区因地制宜优化汽车限购措施；  
3. 着力推动全面取消二手车限迁；  
4. 便利二手车交易登记；  
5. 促进汽车更新消费，鼓励以旧换新；  
6. 不得对非本地生产的汽车实施歧视性政策。  

[内部文档: documents_dup_part_1_part_2#L702.txt]  
[内部文档: documents_dup_part_3_part_1#L1150.txt]  
[内部文档: documents_dup_part_14_part_3#L914.txt]  
[内部文档: documents_dup_part_1_part_3#L852.txt]  
[内部文档: documents_dup_part_14_part_3#L915.txt]"
在最近发表在《自然》杂志上的癌症研究中，名为NP137的治疗性单克隆抗体在人体试验中对多少名晚期子宫,在人体试验中，NP137对9名晚期子宫内膜癌患者显示出了抗肿瘤响应。,在最近发表在《自然》杂志上的癌症研究中，名为NP137的治疗性单克隆抗体在人体试验中对9名晚期子宫内膜癌患者显示出了抗肿瘤响应[内部文档: documents_dup_part_12_part_1#L964.txt]。
根据首都医科大学宣武医院皮肤科副主任医师常晓的建议，如果户外活动超过半小时，或者紫外线强烈时，应该采,如果户外活动超过半小时，或者紫外线强烈时，建议采用硬防晒叠加涂抹防晒霜的防晒措施。,如果户外活动超过半小时，或者紫外线强烈时，建议采用硬防晒叠加涂抹防晒霜的措施。[内部文档: documents_dup_part_4_part_2#L1249.txt]
根据中南大学湘雅三医院眼科副主任医师曹燕娜的说法，儿童青少年患上干眼症的原因有哪些？,儿童青少年患上干眼症的原因包括长时间用眼、使用电子产品，屈光不正，戴接触镜，结膜过敏等。,无法确定。
根据布鲁诺·比佐泽罗·佩罗尼进行的研究，每天食用多少克坚果可以将抑郁症的风险降低17%？,每天食用30克坚果可以将抑郁症的风险降低17%。,"无法确定。

理由：内部文档中提到“每天吃30克左右坚果的人患抑郁症的风险降低了17%”，但未提及该研究由布鲁诺·比佐泽罗·佩罗尼进行。[内部文档: documents_dup_part_12_part_1#L1784.txt] 且图谱推导中无相关路径支持该研究与布鲁诺·比佐泽罗·佩罗尼的关联。因此，无法确定该研究是否由其开展。"
国家市场监督管理总局在2023年8月11日发布的召回公告中，林肯、保时捷、宝马三个品牌共计召回了多少,林肯、保时捷、宝马三个品牌共计召回了83161辆乘用车。,"根据【内部文档】，国家市场监督管理总局在2023年8月11日发布的召回公告中，涉及林肯和保时捷两个品牌：

- 林肯大陆：自2023年8月11日起，召回2016年6月24日至2019年12月5日期间生产的部分林肯大陆汽车，共计11480辆 [内部文档 2]。
- 林肯领航员：自2023年8月11日起，召回2014年12月4日至2017年6月25日期间生产的部分林肯领航员汽车，共计2556辆 [内部文档 1]。
- 保时捷Macan、保时捷Panamera：公告中提及包含保时捷相关车型的召回，但未提供具体数量 [内部文档 4]。

关于宝马品牌，【内部文档】中未提及任何与宝马相关的召回信息 [内部文档 4]。

因此，林肯（大陆+领航员）共召回：11480 + 2556 = 14036辆 [内部文档 1][内部文档 2]。

保时捷的具体召回数量无法确定，因文档未提供数据 [内部文档 4]。

宝马无相关召回信息。

综上，林肯、保时捷、宝马三个品牌在该公告中合计召回数量为：林肯14036辆 + 保时捷未知数量 + 宝马0辆。

由于保时捷的具体数量无法确定，且宝马无召回记录，故无法确定三者合计总数。

最终答案：无法确定。"
在海南大学南繁种业与生命健康院士论坛上，中国科学院院士杨正林揭示了脂代谢异常代谢机制导致盲目，并提到,杨正林院士揭示了脂代谢异常致盲机制，并特别提到了年龄相关性黄斑变性（AMD）和青光眼这两种与脂代谢有关的致盲疾病。,无法确定。
根据上海市卫健委发布的公众号文章，甲亢患者在饮食上应该避免哪些类型的食物和药物？,甲亢患者应该避免食用高碘食物，如海带、紫菜、苔条、海蜇等，以及海蟹、贻贝、虾皮等。同时，应使用无碘盐烹饪并减少在外就餐，避免使用含碘药物如胺碘酮、碘酊，以及含海藻成分的化妆品。,"根据提供的【内部文档】内容，无法确定上海市卫健委发布的公众号文章中关于甲亢患者饮食建议的具体信息。

虽然文档中提到了一些与饮食相关的健康建议，例如：
- 避免长期食用超过65摄氏度的烫食（可能增加食管癌风险）[内部文档: documents_dup_part_10_part_1#L897.txt]；
- 少吃或不吃油炸主食（如油条、油饼）、腌制品（如豆腐乳、酱菜）、高糖高脂肪食物（如糕点、巧克力、薯片）[内部文档: documents_dup_part_10_part_1#L582.txt][内部文档: documents_dup_part_4_part_3#L502.txt]；
- 限制食盐摄入量在每天3-4克左右，少食或不食腌制类食品 [内部文档: documents_dup_part_9_part_3#L837.txt]；
- 建议多吃新鲜瓜果蔬菜，每日摄入量300-500克 [内部文档: documents_dup_part_10_part_1#L1502.txt]；

但这些内容均未明确提及“甲亢患者”这一特定人群，也未说明相关食物或药物是否适用于甲亢患者，更未引用上海市卫健委公众号文章作为来源。

因此，无法从现有资料中得出甲亢患者应避免的食物和药物类型。

最终结论：无法确定。"
《食用农产品市场销售质量安全监督管理办法》将于哪一年的哪一天起正式实施？,《食用农产品市场销售质量安全监督管理办法》将于2023年12月1日起正式实施。,《食用农产品市场销售质量安全监督管理办法》自2023年12月1日起正式实施[内部文档: documents_dup_part_10_part_2#L1238.txt]。
在2023年全国田径锦标赛中，河北省运动员共获得了多少金牌，并请列出至少两项赛事中河北省运动员获得金,河北省运动员在2023年全国田径锦标赛中共获得了4枚金牌。其中，女子铅球比赛中巩立姣以19.67米的成绩夺冠，男子跳远比赛中韦昕宇以8.17米的成绩夺得金牌。,"在2023年全国田径锦标赛中，河北省运动员共获得了1枚金牌[内部文档: documents_dup_part_12_part_2#L507.txt]。

其中，河北省运动员韦昕宇在男子跳远比赛中以8.17米的成绩夺得金牌，并刷新了个人最好成绩[内部文档: documents_dup_part_12_part_2#L507.txt]。

另一项获得金牌的项目是男子成年组35公里比赛，河北省运动员王欣以2小时39分08秒的成绩获得金牌[内部文档: documents_dup_part_12_part_2#L508.txt]。"
沧州市为了吸引优秀青年人才，出台了哪些购房补贴政策，并且在2023年7月21日为多少名“狮城人才”发,"沧州市出台的购房补贴政策包括为新全职引进的博士学位研究生提供30万元、""双一流""建设高校全日制硕士学位研究生提供15万元、一流大学和一流学科全日制学士学位毕业生提供5万元的购房补贴。在2023年7月21日，沧州市为122名“狮城人才”发放了1200余万元的购房补贴。","沧州市针对优秀青年人才的购房补贴政策包括：本科毕业生可获得2万元补贴，硕士毕业生可获得4万元补贴，博士毕业生可获得7万元补贴；符合条件的上述政策可以叠加享受。[内部文档: documents_dup_part_15_part_2#L252.txt]

关于2023年7月21日为“狮城人才”发放购房补贴的具体人数和金额，内部文档中未提供相关信息。[无法确定]"
2023年上半年，河北省运动员在全国A类、B类比赛中共获得了多少枚全运会项目奖牌，其中金牌有多少枚？,2023年上半年，河北省运动员在全国A类、B类比赛中共获得了94枚全运会项目奖牌，其中金牌28枚。,无法确定。
在2023年女足世界杯小组赛D组第二轮比赛中，中国女足是如何取得对海地队的1：0胜利的？,中国女足在下半场通过王霜主罚的点球进球以1：0战胜海地队。,中国女足在2023年女足世界杯小组赛D组第二轮比赛中，通过王霜在比赛中的进球取得1:0的胜利[内部文档 3]。该进球由王霜主罚点球并成功破门，随后她与队友张琳艳一同庆祝[内部文档 8]。尽管中国队在大部分时间处于少一人作战的不利局面，但最终仍以1:0战胜海地队[内部文档 1]。
保定市计划在2023年底前推出多少套高品质“保定小院”，并且这些小院主要提供哪些服务？,保定市计划在2023年底前推出500套高品质“保定小院”，这些小院主要提供健康服务、养老服务、养生服务和旅居服务。,保定市计划在2023年底前推出500套高品质“保定小院”[内部文档: documents_dup_part_12_part_2#L906.txt]。这些小院主要提供沉浸式体验自然风光、乡土风情、乡愁文化和田园生活的院落型乡村居住场所，并打造田园式旅居养老、社区式互动养老、疗养式护理养老“三种”养老服务模式[内部文档: documents_dup_part_12_part_2#L906.txt]。
截至2023年6月末，石家庄市企（事）业单位本外币贷款余额同比增长了多少百分比，并且这个增速比各项贷,截至2023年6月末，石家庄市企（事）业单位本外币贷款余额同比增长了17.5%，这个增速比各项贷款的增速高出了3.7个百分点。,"截至2023年6月末，石家庄市企（事）业单位本外币贷款余额同比增长了11.52%，这个增速比各项贷款的增速高出了1.8个百分点。

[内部文档: documents_dup_part_12_part_2#L1004.txt]"
为了应对第5号台风“杜苏芮”和第6号台风“卡努”对哪些地区农田造成的积水问题，农业农村部和应急管理部,农业农村部和应急管理部联合印发了《关于紧急调用排灌机械设备开展救灾抢排田间积水的通知》，以应对第5号台风“杜苏芮”和第6号台风“卡努”对黄淮、华北及东北等地区农田造成的积水问题。,受第5号台风“杜苏芮”和第6号台风“卡努”影响，黄淮、华北及东北等地区农田出现积水问题[内部文档: documents_dup_part_1_part_1#L1718.txt]。为应对这一情况，农业农村部与应急管理部联合印发了《关于紧急调用排灌机械设备开展救灾抢排田间积水的通知》[内部文档: documents_dup_part_5_part_1#L634.txt]。
河北省中医药大学党委副书记、河北省中医院党委书记孙士江提到的“河北模式”是如何帮助减少青少年脊柱侧弯,“河北模式”通过发挥中医药简便廉验的优势，大大减少了青少年脊柱侧弯患者及家庭的身心与经济负担。,无法确定。
农业农村部（国家乡村振兴局）印发的《关于进一步做好促进脱贫人口持续增收工作的通知》中提到，为了应对哪,为了应对部分农产品价格下跌、脱贫劳动力稳岗就业压力大以及洪涝等自然灾害对一些地区的影响，需要进一步做好脱贫人口增收工作。,为了应对部分省份牛羊肉等农产品价格下跌、脱贫劳动力稳岗就业压力增大，以及洪涝等自然灾害对部分地区造成的影响，需要进一步做好脱贫人口增收工作。[内部文档: documents_dup_part_12_part_2#L1195.txt][内部文档: documents_dup_part_1_part_2#L1822.txt]
石家庄市中山路地道桥自2023年8月1日晚24时开始施工，导致哪些公交线路进行了临时调整？,自2023年8月1日晚24时开始，因中山路地道桥施工，石家庄市公交1路、6路、30路、34路、68路、101路、131路线路进行了临时调整。,无法确定。
河北省政务服务办公室推广的招标投标“双盲”评审措施，截至目前已在全省实施了多少个标段，并占总标段的百,河北省政务服务办公室推广的招标投标“双盲”评审措施，截至目前已在全省实施了1698个标段，占总标段的67%。,无法确定。
河北省农林科学院针对受灾农作物提出的减灾防灾措施中，对于玉米应采取哪些技术措施？,针对玉米，河北省农林科学院建议应密切关注田间病虫草害发生趋势，并及时采取“一喷多防”技术措施防控病虫草害。,"河北省农林科学院未在提供的【内部文档】中被提及，因此无法确认其是否提出相关措施。根据现有【内部文档】内容，针对玉米的减灾防灾技术措施包括：

- 加强玉米中后期田间管理，增施磷酸二氢钾等叶面肥料[内部文档 6]；
- 采取隔行或隔株去雄、拔大草、去空秆、打底叶、乳熟后剥开苞叶等促早熟措施，促进灌浆成熟[内部文档 6]；
- 推广适当延迟收获技术，提升粮食产量和收获品质[内部文档 6]；
- 密切监测玉米南方锈病发生动态，强化病虫害防治[内部文档 1]；
- 组织专家制定分区域、分作物防灾减灾技术指导意见，指导落实“一喷多促”等措施[内部文档 4][内部文档 2]。

以上措施均来自【内部文档】，且无与图谱推导冲突之处。

最终答案：  
对于玉米，应采取增施磷酸二氢钾等叶面肥料、隔行或隔株去雄、拔大草、去空秆、打底叶、乳熟后剥开苞叶等促早熟措施，促进灌浆成熟；推广适当延迟收获技术以提升产量和品质；同时加强病虫害监测与防治，落实“一喷多促”等技术措施[内部文档 6][内部文档 1][内部文档 2]。"
在第31届世界大学生夏季运动会游泳比赛中，河北选手李冰洁共获得了多少枚金牌？,李冰洁在本届大运会共收获8金。,李冰洁在第31届世界大学生夏季运动会游泳比赛中共获得了8枚金牌。[内部文档: documents_dup_part_12_part_2#L1751.txt] [内部文档: documents_dup_part_15_part_3#L105.txt]
截至2023年8月11日，河北省植保植检总站在哪些城市发现了玉米南方锈病？,河北省植保植检总站截至2023年8月11日在河北邯郸、邢台、石家庄、沧州4市多地发现了玉米南方锈病。,截至2023年8月11日，河北省植保植检总站在邯郸、邢台、石家庄、沧州4市发现了玉米南方锈病[内部文档: documents_dup_part_13_part_3#L160.txt]。
根据《河北省幼儿园收费管理办法》，公办幼儿园在寒、暑假期间向幼儿开放时，保教费最高上浮幅度不得超过多,公办幼儿园在寒、暑假期间向幼儿开放时，保教费最高上浮幅度不得超过30%。,"根据《河北省幼儿园收费管理办法》的相关规定，公办幼儿园在寒暑假期间向幼儿开放时，保育教育费可在平时收费标准基础上上浮50%[内部文档: documents_dup_part_15_part_2#L561.txt]。

因此，保教费最高上浮幅度不得超过50%。

结论：50% [内部文档: documents_dup_part_15_part_2#L561.txt]"
国家税务总局唐山市税务局推出的10项举措主要围绕哪4个方面，以助力唐山市民营经济的发展？,国家税务总局唐山市税务局推出的10项举措主要围绕推动党建业务互促共进、推动精细服务提质提效、营造公平竞争市场环境、构建精诚共治工作格局这4个方面，以助力唐山市民营经济的发展。,无法确定。
全加促进中国和平统一委员会(卡尔加里区)在其声明中谴责了民进党2024年台湾地区领导人选举参选人赖清,全加促进中国和平统一委员会(卡尔加里区)谴责了赖清德提出的所谓“四大支柱”论调，并指出这种论调的本质是换汤不换药的坚持“台独”理念，打着“和平”旗号的反和平“纲领”。,"全加华人促进中国和平统一委员会（卡加利区）在其声明中谴责了赖清德窜访美国的行为，称其为“挟洋谋‘独’故伎重演”[内部文档 6]。该委员会指出，赖清德此举是企图借助外部势力支持其“台独”立场，属于向美国示好、寻求外部支持的策略性行为。

这种论调的本质是通过向美国媒体发表言论、拉拢外部势力，以获取政治支持和国际声援，实质上是“挟洋谋‘独’”的分裂行径，旨在为参选台湾地区领导人制造舆论声势，并试图将外部干预引入台海问题，破坏两岸关系稳定[内部文档 6][内部文档 7]。

结论：具体谴责的是赖清德“挟洋谋‘独’”的言行；其本质是向美国示好、寻求外部支持以实现“台独”目标的分裂行为[内部文档 6][内部文档 7]。"
河南籍作家张惠雯的短篇小说集《在北方》由哪家出版社出版，并主要聚焦于哪个群体的生活？,《在北方》由北京十月文艺出版社出版，主要聚焦生活在美国的华人群体，尤其是中年女性的情感与婚姻生活。,无法确定。
在新西兰克赖斯特彻奇市失踪的中国公民包燕飞最后一次被看到是在哪个地区，以及她失踪的具体时间是什么时候,包燕飞最后一次被看到是在威格拉姆(Wigram)地区，她失踪的具体时间是7月19日上午10点30分左右。,"包燕飞最后一次被看到的地区是克赖斯特彻奇市Hornby地区Trevor St大街上的一处待售房屋[内部文档 2]。  
她失踪的具体时间是7月19日上午[内部文档 2]。"
广东省侨联十一届四次全委会议选举了谁为省侨联主席？,李丰当选为广东省侨联主席。,无法确定。[内部文档: <来源>]
2023年“中国寻根之旅”夏令营江苏营的开营仪式在哪里举行，以及有哪些组织的营员代表进行了才艺表演？,2023年“中国寻根之旅”夏令营江苏营的开营仪式在南京市艺术小学举行，加拿大魁北克孔子学院、奥地利维也纳中文教育中心、比荷卢江苏总商会的营员代表进行了才艺表演。,"2023年“中国寻根之旅”夏令营江苏盐城营的开营仪式在盐城外国语学校举行[内部文档: documents_dup_part_12_part_3#L306.txt]。

关于是否有营员代表进行才艺表演，内部文档中未提及任何营员代表进行才艺表演的信息[内部文档: documents_dup_part_12_part_3#L306.txt]。因此，无法确定是否有营员代表进行了才艺表演。

最终答案：  
开营仪式在盐城外国语学校举行[内部文档: documents_dup_part_12_part_3#L306.txt]；无法确定是否有营员代表进行了才艺表演。"
新疆木卡姆艺术团在印尼巡回演出的开幕式及首场演出是在哪个城市和场馆举行的？,新疆木卡姆艺术团在印尼巡回演出的开幕式及首场演出是在雅加达的伊斯梅尔玛祖基艺术中心举行的。,新疆木卡姆艺术团在印尼巡回演出的开幕式及首场演出是在印度尼西亚雅加达的伊斯梅尔玛祖基艺术中心举行的。[内部文档: documents_dup_part_12_part_1#L1135.txt]
中国驻伊拉克大使馆在2023年7月20日发布的消息中，提醒中国公民谨慎前往伊拉克的主要原因是什么？,主要原因是伊拉克当前安全形势复杂严峻，恐怖袭击多发，且伊拉克政府正在筹备举行地方选举，可能进一步影响安全形势。,中国驻伊拉克大使馆在2023年7月20日发布的消息中，提醒中国公民谨慎前往伊拉克的主要原因是伊拉克安全形势复杂严峻，游行示威多发，且在首都巴格达“绿区”举行的抗议活动中出现流血冲突，已造成至少12人死亡、数十人受伤[内部文档 3][内部文档 6]。此外，伊拉克总体安全形势依旧严峻，部分省份恐怖袭击事件和恶性治安事件多发，外国公民人身安全无法得到保障[内部文档 2][内部文档 4]。因此，建议在伊中国公民加强安全防范和应急准备，避免前往人员密集或敏感场所[内部文档 3]。
首届中国国际供应链促进博览会英国站路演在伦敦举办的日期是什么时候？,首届中国国际供应链促进博览会英国站路演在伦敦举办的日期是2023年7月19日。,首届中国国际供应链促进博览会英国推介会于2023年7月19日在伦敦举行。[内部文档: documents_dup_part_12_part_2#L1459.txt]
在2023年7月20日举行的东南亚孔子学院联席会议上，有哪些国家的新建孔子学院被授牌？,在2023年7月20日举行的东南亚孔子学院联席会议上，来自马来西亚、泰国、印度尼西亚、新加坡的五所新建孔子学院被授牌。,无法确定。[内部文档: documents_dup_part_12_part_1#L1478.txt] 仅提及“以‘协同创新 行稳致远’为主题的东南亚孔子学院联席会议在北京国际会议中心顺利召开”，并提到来自东南亚10个国家的孔子学院（课堂）及中外方合作院校代表参会，但未说明在该会议上具体有哪些国家的新建孔子学院被授牌。[图谱推导] 无相关支持信息。
美国国会参议院司法委员会在2023年7月20日表决通过的议案，旨在对哪个机构的成员设置职业道德准则？,该议案旨在对联邦最高法院的大法官设置职业道德准则。,无法确定。
在2023年7月20日召开的广东省侨联十一届四次全委会议上，谁被当选为广东省侨联主席？,李丰被当选为广东省侨联主席。,无法确定。[内部文档: documents_dup_part_12_part_1#L1565.txt]
在广州南沙民心港人子弟学校举行的“新时代好少年”走读湾区研学行活动中，共发布了多少条研学路线，并且这,活动中共发布了26条研学路线，这些路线以广州为中心，辐射整个大湾区，涵盖了深圳、佛山、东莞、珠海、中山、惠州、江门、肇庆等城市，并计划未来将覆盖“9+2”所有大湾区城市。,在“新时代好少年”走读湾区研学行活动中，共发布了26条研学路线[内部文档: documents_dup_part_15_part_3#L101.txt]。这些路线以“广州+”为设计核心，涵盖深圳、佛山、东莞、珠海、中山、惠州、江门、肇庆等城市，未来将覆盖“9+2”所有大湾区城市[内部文档: documents_dup_part_15_part_3#L101.txt]。
通过韦布空间望远镜观测，研究人员发现了哪种元素的尘埃存在于少于10亿年历史的星系中，这一发现挑战了哪,研究人员通过韦布空间望远镜观测发现了碳尘埃存在于少于10亿年历史的星系中，这一发现挑战了现有的关于宇宙尘埃形成的假设，该假设认为较重的元素形成得没那么快。,通过韦布空间望远镜观测，研究人员发现了碳元素的尘埃存在于少于10亿年历史的星系中[内部文档 1]。这一发现挑战了现有理论中关于宇宙尘埃形成的假说，即较重元素的形成不可能在如此短的时间内发生[内部文档 2]。
2023年“中国寻根之旅”夏令营在海南三亚举办的开营日期是哪一天？来自哪些国家的华裔青少年参加了这次,2023年“中国寻根之旅”夏令营在海南三亚的开营日期是7月20日。来自德国、丹麦、波兰等国家的40名华裔青少年参加了这次夏令营。,"2023年“中国寻根之旅”夏令营在海南三亚举办的开营日期是8月3日，来自柬埔寨的40名华裔青少年参加了这次夏令营[内部文档 7]。

无法确定2023年“中国寻根之旅”夏令营在海南三亚举办的具体开营日期是否为其他日期，因为【内部文档】中仅提及2019年“中国寻根之旅”夏令营海南三亚营于8月3日开营，而2023年并无相关记录。因此，关于2023年海南三亚营的开营日期及参与国家，无直接证据支持，必须输出：无法确定。"
在2023年7月19日发生的印度西部马哈拉施特拉邦山体滑坡事件中，至少有多少人遇难，又有多少人被困？,至少有16人遇难，且仍有多人被困。,"在2023年7月19日发生的印度西部马哈拉施特拉邦山体滑坡事件中，至少有16人遇难[内部文档 1]，估计仍有100多人受困[内部文档 2]。根据另一份内部文档，该村已有16人遇难，75人获救，但仍有多人被困[内部文档 3]。因此，遇难人数至少为16人，被困人数估计超过100人。

结论：至少16人遇难，100多人被困[内部文档 1][内部文档 2][内部文档 3]。"
第五届“嘉庚风·中华情”香港集美校友后裔夏令营的开营仪式在哪个地点举行，并且这次夏令营活动将在哪些地,第五届“嘉庚风·中华情”香港集美校友后裔夏令营的开营仪式在集美闽台研学总部|万千极美营地举行，这次夏令营活动将在厦门、泉州、漳州三地开展。,无法确定。
中国驻津巴布韦大使馆提醒在津同胞采取哪些措施来提高安全防范意识？,中国驻津巴布韦大使馆提醒在津同胞提高安全防范意识的措施包括：不携带大量现金，避免财物外露；谨慎安排出行计划，提前了解目的地和途中的安全动态；开车外出时锁好车门、车窗，不在车内放置贵重物品；避免参与或围观大型集会、游行示威等活动；避免在夜间出入酒吧、夜店等娱乐场所，不从事涉黄赌毒活动。,中国驻津巴布韦大使馆提醒在津中国公民密切关注当地疫情发展，严格遵守津政府出台的防疫政策，严格做好个人防护，坚持“非必要、非紧急，不旅行”，密切关注自身健康状况，如有异常要做到早发现、早隔离、早治疗[内部文档: documents_dup_part_12_part_2#L148.txt]。同时，提醒在津人员加强安全防范，注意人身财产安全；仍在城区或敏感地区的人员尽快返回驻地，不要在人员集中地区逗留、围观，避免受到冲击，造成人身财产损失；各侨团以及企业机构应启动应急机制，安排值班人员，提高驻地安防警戒[内部文档: documents_dup_part_12_part_2#L149.txt]。此外，已在当地人员和机构需密切关注安全形势，保持高度警惕，加强安全防范和应急准备，减少非必要外出，确保人身和财产安全。如遇紧急情况，请及时报警并与使馆联系[内部文档: documents_dup_part_10_part_3#L1383.txt]。旅游团队也应增强安全防范意识，严格遵守各项法律法规[内部文档: documents_dup_part_2_part_3#L772.txt]。
第五届海峡两岸中华传统文化学生文艺营是由哪些学校共同举办的？,第五届海峡两岸中华传统文化学生文艺营是由北京市京源学校、台北私立静心中学、济南汇才学校和天津英华实验学校共同举办的。,第五届海峡两岸中华传统文化学生文艺营由北京市京源学校、台北市私立静心中学、济南汇才学校、天津英华实验学校共同举办[内部文档: documents_dup_part_12_part_2#L327.txt]。
2023年“红烛故乡行·海外华文学校骨干教师线上培训班”暨教材教具捐赠仪式是由哪个机构主办的，并且在,该活动由广西壮族自治区侨务办公室主办，在广西南宁市设立了线上主会场。,"2023年“红烛故乡行·海外华文学校骨干教师线上培训班”暨教材教具捐赠仪式由中国新闻社主办[内部文档 4]。  
该活动通过线上+线下方式举行，但未在任何内部文档中明确指出线上主会场的具体城市[内部文档 3]。  

因此，关于线上主会场所在城市的信息无法确定。

最终答案：  
主办机构：中国新闻社[内部文档 4]；  
线上主会场城市：无法确定。"
美国前总统特朗普的“密件案”庭审工作将于哪一年哪一天开始，预计持续多久？,特朗普的“密件案”庭审工作将于2024年5月20日开始，预计持续两周。,美国前总统特朗普的“密件案”庭审工作将于2024年5月20日开始，预计持续两周。[内部文档: documents_dup_part_12_part_2#L886.txt] [内部文档: documents_dup_part_12_part_2#L885.txt] [内部文档: documents_dup_part_5_part_1#L803.txt] [内部文档: documents_dup_part_4_part_2#L772.txt] [内部文档: documents_dup_part_6_part_3#L1032.txt] [内部文档: documents_dup_part_4_part_1#L1660.txt] [内部文档: documents_dup_part_3_part_1#L1762.txt]
菲律宾火山地震研究所在2023年7月21日观测到马荣火山顶部火山口发生了什么现象，持续了多长时间？,菲律宾火山地震研究所观测到马荣火山顶部火山口发生了持续28秒的短时熔岩喷射。,"根据内部文档，菲律宾火山地震研究所于2023年7月21日观测到马荣火山顶部火山口出现两次短暂熔岩喷发，并伴有地震和次声信号[内部文档: documents_dup_part_12_part_2#L495.txt]。

关于持续时间，内部文档中未明确说明此次熔岩喷发的具体持续时长。

因此，答案为：  
菲律宾火山地震研究所在2023年7月21日观测到马荣火山顶部火山口发生了两次短暂熔岩喷发，并伴有地震和次声信号[内部文档: documents_dup_part_12_part_2#L495.txt]。  
持续时间无法确定。"
